{
    "metrics": {
        "http_req_duration{expected_response:true}": {
            "avg": 527.6831619999999,
            "min": 323.7703,
            "med": 546.1703,
            "max": 690.2448,
            "p(90)": 633.6649000000001,
            "p(95)": 649.663375
        },
        "data_received": {
            "count": 217630,
            "rate": 119152.02172998244
        },
        "http_req_receiving": {
            "avg": 0.355888,
            "min": 0,
            "med": 0.25125,
            "max": 1.0348,
            "p(90)": 0.8409800000000001,
            "p(95)": 0.873345
        },
        "checks": {
            "passes": 50,
            "fails": 550,
            "value": 0.08333333333333333
        },
        "http_req_sending": {
            "min": 0,
            "med": 0.50965,
            "max": 39.5796,
            "p(90)": 1.0279700000000003,
            "p(95)": 12.14064499999995,
            "avg": 2.2929039999999996
        },
        "iteration_duration": {
            "avg": 1676.2445039999998,
            "min": 1457.0784,
            "med": 1699.17175,
            "max": 1826.4801,
            "p(90)": 1790.50678,
            "p(95)": 1800.1142
        },
        "http_req_blocked": {
            "p(90)": 165.2532,
            "p(95)": 165.2532,
            "avg": 148.49510600000002,
            "min": 115.334,
            "med": 155.0336,
            "max": 171.2536
        },
        "http_req_connecting": {
            "avg": 4.24998,
            "min": 2.5093,
            "med": 4.0354,
            "max": 7.0025,
            "p(90)": 6.5824,
            "p(95)": 6.5824
        },
        "vus": {
            "max": 50,
            "value": 50,
            "min": 50
        },
        "data_sent": {
            "count": 110041,
            "rate": 60247.24359320405
        },
        "http_req_failed": {
            "fails": 50,
            "passes": 0,
            "value": 0
        },
        "http_req_tls_handshaking": {
            "p(90)": 50.15,
            "p(95)": 51.144980000000004,
            "avg": 32.56398600000001,
            "min": 4.7356,
            "med": 38.988749999999996,
            "max": 56.1395
        },
        "http_req_duration": {
            "min": 323.7703,
            "med": 546.1703,
            "max": 690.2448,
            "p(90)": 633.6649000000001,
            "p(95)": 649.663375,
            "avg": 527.6831619999999
        },
        "http_reqs": {
            "count": 50,
            "rate": 27.374907349626074
        },
        "vus_max": {
            "max": 50,
            "value": 50,
            "min": 50
        },
        "http_req_waiting": {
            "avg": 525.0343699999999,
            "min": 322.576,
            "med": 535.1206,
            "max": 690.0773,
            "p(90)": 632.65683,
            "p(95)": 648.99231
        },
        "iterations": {
            "count": 50,
            "rate": 27.374907349626074
        }
    },
    "root_group": {
        "name": "",
        "path": "",
        "id": "d41d8cd98f00b204e9800998ecf8427e",
        "groups": {},
        "checks": {
                "200 OK": {
                    "id": "e9654c443eff553da9e69eda7007924e",
                    "passes": 0,
                    "fails": 50,
                    "name": "200 OK",
                    "path": "::200 OK"
                },
                "201 Created": {
                    "passes": 50,
                    "fails": 0,
                    "name": "201 Created",
                    "path": "::201 Created",
                    "id": "728dcd977aae263ca314731145e1d447"
                },
                "204 No Content": {
                    "passes": 0,
                    "fails": 50,
                    "name": "204 No Content",
                    "path": "::204 No Content",
                    "id": "54fa3c2eda34e1622fda2da5e0479fc5"
                },
                "400 Bad Request": {
                    "path": "::400 Bad Request",
                    "id": "eeae81934b9b58bccaf0184a6d070338",
                    "passes": 0,
                    "fails": 50,
                    "name": "400 Bad Request"
                },
                "401 Unauthorized": {
                    "name": "401 Unauthorized",
                    "path": "::401 Unauthorized",
                    "id": "6ae9254e6aefe7f0bafe5102fa7e20a5",
                    "passes": 0,
                    "fails": 50
                },
                "403 Forbidden": {
                    "passes": 0,
                    "fails": 50,
                    "name": "403 Forbidden",
                    "path": "::403 Forbidden",
                    "id": "655548b761742c5a7ad15aa7df3a5d9c"
                },
                "404 Not Found": {
                    "path": "::404 Not Found",
                    "id": "df1528f9925ca236bac51008f77b774a",
                    "passes": 0,
                    "fails": 50,
                    "name": "404 Not Found"
                },
                "429 Too Many Requests": {
                    "id": "b810c35b9499cc7342fd415032e3a6aa",
                    "passes": 0,
                    "fails": 50,
                    "name": "429 Too Many Requests",
                    "path": "::429 Too Many Requests"
                },
                "500 Internal Server Error": {
                    "fails": 50,
                    "name": "500 Internal Server Error",
                    "path": "::500 Internal Server Error",
                    "id": "3cd96245b24e869810efe46d533b0eef",
                    "passes": 0
                },
                "502 Bad Gateway": {
                    "name": "502 Bad Gateway",
                    "path": "::502 Bad Gateway",
                    "id": "712cb0ec189a11f31f0d6d0c0031b569",
                    "passes": 0,
                    "fails": 50
                },
                "503 Service Unavailable": {
                    "name": "503 Service Unavailable",
                    "path": "::503 Service Unavailable",
                    "id": "f1ea1a22be0dc738c385523a66ea1cd9",
                    "passes": 0,
                    "fails": 50
                },
                "504 Gateway Timeout": {
                    "fails": 50,
                    "name": "504 Gateway Timeout",
                    "path": "::504 Gateway Timeout",
                    "id": "218efb729cb654723ccd57c6ebbebe29",
                    "passes": 0
                }
            }
    }
}