{
    "metrics": {
        "http_reqs": {
            "count": 1,
            "rate": 0.807492692393007
        },
        "http_req_sending": {
            "p(95)": 32.0154,
            "avg": 32.0154,
            "min": 32.0154,
            "med": 32.0154,
            "max": 32.0154,
            "p(90)": 32.0154
        },
        "vus": {
            "max": 1,
            "value": 1,
            "min": 1
        },
        "http_req_blocked": {
            "avg": 11.9917,
            "min": 11.9917,
            "med": 11.9917,
            "max": 11.9917,
            "p(90)": 11.9917,
            "p(95)": 11.9917
        },
        "checks": {
            "passes": 0,
            "fails": 12,
            "value": 0
        },
        "data_received": {
            "count": 3914,
            "rate": 3160.5263980262293
        },
        "http_req_duration": {
            "med": 42.5085,
            "max": 42.5085,
            "p(90)": 42.5085,
            "p(95)": 42.5085,
            "avg": 42.5085,
            "min": 42.5085
        },
        "data_sent": {
            "count": 4224097,
            "rate": 3410927.459459224
        },
        "http_req_tls_handshaking": {
            "avg": 4.8428,
            "min": 4.8428,
            "med": 4.8428,
            "max": 4.8428,
            "p(90)": 4.8428,
            "p(95)": 4.8428
        },
        "http_req_receiving": {
            "min": 0.9518,
            "med": 0.9518,
            "max": 0.9518,
            "p(90)": 0.9518,
            "p(95)": 0.9518,
            "avg": 0.9518
        },
        "iteration_duration": {
            "min": 1238.395,
            "med": 1238.395,
            "max": 1238.395,
            "p(90)": 1238.395,
            "p(95)": 1238.395,
            "avg": 1238.395
        },
        "http_req_connecting": {
            "med": 6.1629,
            "max": 6.1629,
            "p(90)": 6.1629,
            "p(95)": 6.1629,
            "avg": 6.1629,
            "min": 6.1629
        },
        "vus_max": {
            "value": 1,
            "min": 1,
            "max": 1
        },
        "iterations": {
            "count": 1,
            "rate": 0.807492692393007
        },
        "http_req_waiting": {
            "min": 9.5413,
            "med": 9.5413,
            "max": 9.5413,
            "p(90)": 9.5413,
            "p(95)": 9.5413,
            "avg": 9.5413
        },
        "http_req_failed": {
            "passes": 1,
            "fails": 0,
            "value": 1
        }
    },
    "root_group": {
        "groups": {},
        "checks": {
                "200 OK": {
                    "name": "200 OK",
                    "path": "::200 OK",
                    "id": "e9654c443eff553da9e69eda7007924e",
                    "passes": 0,
                    "fails": 1
                },
                "201 Created": {
                    "name": "201 Created",
                    "path": "::201 Created",
                    "id": "728dcd977aae263ca314731145e1d447",
                    "passes": 0,
                    "fails": 1
                },
                "204 No Content": {
                    "id": "54fa3c2eda34e1622fda2da5e0479fc5",
                    "passes": 0,
                    "fails": 1,
                    "name": "204 No Content",
                    "path": "::204 No Content"
                },
                "400 Bad Request": {
                    "passes": 0,
                    "fails": 1,
                    "name": "400 Bad Request",
                    "path": "::400 Bad Request",
                    "id": "eeae81934b9b58bccaf0184a6d070338"
                },
                "401 Unauthorized": {
                    "name": "401 Unauthorized",
                    "path": "::401 Unauthorized",
                    "id": "6ae9254e6aefe7f0bafe5102fa7e20a5",
                    "passes": 0,
                    "fails": 1
                },
                "403 Forbidden": {
                    "id": "655548b761742c5a7ad15aa7df3a5d9c",
                    "passes": 0,
                    "fails": 1,
                    "name": "403 Forbidden",
                    "path": "::403 Forbidden"
                },
                "404 Not Found": {
                    "name": "404 Not Found",
                    "path": "::404 Not Found",
                    "id": "df1528f9925ca236bac51008f77b774a",
                    "passes": 0,
                    "fails": 1
                },
                "429 Too Many Requests": {
                    "name": "429 Too Many Requests",
                    "path": "::429 Too Many Requests",
                    "id": "b810c35b9499cc7342fd415032e3a6aa",
                    "passes": 0,
                    "fails": 1
                },
                "500 Internal Server Error": {
                    "passes": 0,
                    "fails": 1,
                    "name": "500 Internal Server Error",
                    "path": "::500 Internal Server Error",
                    "id": "3cd96245b24e869810efe46d533b0eef"
                },
                "502 Bad Gateway": {
                    "name": "502 Bad Gateway",
                    "path": "::502 Bad Gateway",
                    "id": "712cb0ec189a11f31f0d6d0c0031b569",
                    "passes": 0,
                    "fails": 1
                },
                "503 Service Unavailable": {
                    "passes": 0,
                    "fails": 1,
                    "name": "503 Service Unavailable",
                    "path": "::503 Service Unavailable",
                    "id": "f1ea1a22be0dc738c385523a66ea1cd9"
                },
                "504 Gateway Timeout": {
                    "path": "::504 Gateway Timeout",
                    "id": "218efb729cb654723ccd57c6ebbebe29",
                    "passes": 0,
                    "fails": 1,
                    "name": "504 Gateway Timeout"
                }
            },
        "name": "",
        "path": "",
        "id": "d41d8cd98f00b204e9800998ecf8427e"
    }
}