{
    "metrics": {
        "http_req_sending": {
            "avg": 0.22614979999999982,
            "min": 0,
            "med": 0,
            "max": 1.8114,
            "p(90)": 1,
            "p(95)": 1.0029299999999999
        },
        "data_received": {
            "count": 2165960,
            "rate": 322110.313011644
        },
        "vus_max": {
            "max": 500,
            "value": 500,
            "min": 500
        },
        "http_req_connecting": {
            "p(90)": 39.57767,
            "p(95)": 41.371494999999996,
            "avg": 25.365749800000017,
            "min": 10.9437,
            "med": 23.3044,
            "max": 44.7201
        },
        "http_req_failed": {
            "passes": 0,
            "fails": 500,
            "value": 0
        },
        "http_req_duration": {
            "avg": 3664.5817842,
            "min": 747.5951,
            "med": 3744.964,
            "max": 5598.8718,
            "p(90)": 5337.273620000001,
            "p(95)": 5511.26795
        },
        "http_req_duration{expected_response:true}": {
            "p(95)": 5511.26795,
            "avg": 3664.5817842,
            "min": 747.5951,
            "med": 3744.964,
            "max": 5598.8718,
            "p(90)": 5337.273620000001
        },
        "checks": {
            "passes": 500,
            "fails": 5500,
            "value": 0.08333333333333333
        },
        "http_reqs": {
            "count": 500,
            "rate": 74.35740110889489
        },
        "iterations": {
            "count": 500,
            "rate": 74.35740110889489
        },
        "http_req_waiting": {
            "avg": 3664.0791682,
            "min": 747.0831,
            "med": 3744.50555,
            "max": 5597.8711,
            "p(90)": 5336.05081,
            "p(95)": 5511.26795
        },
        "iteration_duration": {
            "avg": 4773.220813600001,
            "min": 1851.5501,
            "med": 4856.2161,
            "max": 6715.2195,
            "p(90)": 6456.01276,
            "p(95)": 6618.795185
        },
        "http_req_blocked": {
            "max": 165.0609,
            "p(90)": 142.9861,
            "p(95)": 151.92225999999997,
            "avg": 107.45046720000003,
            "min": 46.1966,
            "med": 106.30425
        },
        "data_sent": {
            "count": 1100892,
            "rate": 163718.93604314706
        },
        "vus": {
            "value": 48,
            "min": 48,
            "max": 500
        },
        "http_req_tls_handshaking": {
            "p(90)": 95.17258,
            "p(95)": 102.59676499999996,
            "avg": 62.34742100000003,
            "min": 33.0128,
            "med": 55.4873,
            "max": 122.8353
        },
        "http_req_receiving": {
            "p(95)": 0.975889999999999,
            "avg": 0.27646619999999983,
            "min": 0,
            "med": 0,
            "max": 1.0828,
            "p(90)": 0.8579800000000001
        }
    },
    "root_group": {
        "path": "",
        "id": "d41d8cd98f00b204e9800998ecf8427e",
        "groups": {},
        "checks": {
                "200 OK": {
                    "passes": 0,
                    "fails": 500,
                    "name": "200 OK",
                    "path": "::200 OK",
                    "id": "e9654c443eff553da9e69eda7007924e"
                },
                "201 Created": {
                    "name": "201 Created",
                    "path": "::201 Created",
                    "id": "728dcd977aae263ca314731145e1d447",
                    "passes": 500,
                    "fails": 0
                },
                "204 No Content": {
                    "passes": 0,
                    "fails": 500,
                    "name": "204 No Content",
                    "path": "::204 No Content",
                    "id": "54fa3c2eda34e1622fda2da5e0479fc5"
                },
                "400 Bad Request": {
                    "path": "::400 Bad Request",
                    "id": "eeae81934b9b58bccaf0184a6d070338",
                    "passes": 0,
                    "fails": 500,
                    "name": "400 Bad Request"
                },
                "401 Unauthorized": {
                    "name": "401 Unauthorized",
                    "path": "::401 Unauthorized",
                    "id": "6ae9254e6aefe7f0bafe5102fa7e20a5",
                    "passes": 0,
                    "fails": 500
                },
                "403 Forbidden": {
                    "id": "655548b761742c5a7ad15aa7df3a5d9c",
                    "passes": 0,
                    "fails": 500,
                    "name": "403 Forbidden",
                    "path": "::403 Forbidden"
                },
                "404 Not Found": {
                    "name": "404 Not Found",
                    "path": "::404 Not Found",
                    "id": "df1528f9925ca236bac51008f77b774a",
                    "passes": 0,
                    "fails": 500
                },
                "429 Too Many Requests": {
                    "name": "429 Too Many Requests",
                    "path": "::429 Too Many Requests",
                    "id": "b810c35b9499cc7342fd415032e3a6aa",
                    "passes": 0,
                    "fails": 500
                },
                "500 Internal Server Error": {
                    "id": "3cd96245b24e869810efe46d533b0eef",
                    "passes": 0,
                    "fails": 500,
                    "name": "500 Internal Server Error",
                    "path": "::500 Internal Server Error"
                },
                "502 Bad Gateway": {
                    "id": "712cb0ec189a11f31f0d6d0c0031b569",
                    "passes": 0,
                    "fails": 500,
                    "name": "502 Bad Gateway",
                    "path": "::502 Bad Gateway"
                },
                "503 Service Unavailable": {
                    "name": "503 Service Unavailable",
                    "path": "::503 Service Unavailable",
                    "id": "f1ea1a22be0dc738c385523a66ea1cd9",
                    "passes": 0,
                    "fails": 500
                },
                "504 Gateway Timeout": {
                    "path": "::504 Gateway Timeout",
                    "id": "218efb729cb654723ccd57c6ebbebe29",
                    "passes": 0,
                    "fails": 500,
                    "name": "504 Gateway Timeout"
                }
            },
        "name": ""
    }
}