{
    "metrics": {
        "http_req_waiting": {
            "p(95)": 1363.3233,
            "avg": 1363.3233,
            "min": 1363.3233,
            "med": 1363.3233,
            "max": 1363.3233,
            "p(90)": 1363.3233
        },
        "http_req_failed": {
            "passes": 0,
            "fails": 1,
            "value": 0
        },
        "vus_max": {
            "value": 1,
            "min": 1,
            "max": 1
        },
        "http_req_blocked": {
            "p(90)": 10.7819,
            "p(95)": 10.7819,
            "avg": 10.7819,
            "min": 10.7819,
            "med": 10.7819,
            "max": 10.7819
        },
        "http_req_sending": {
            "p(90)": 19.2639,
            "p(95)": 19.2639,
            "avg": 19.2639,
            "min": 19.2639,
            "med": 19.2639,
            "max": 19.2639
        },
        "http_req_receiving": {
            "p(95)": 1.0005,
            "avg": 1.0005,
            "min": 1.0005,
            "med": 1.0005,
            "max": 1.0005,
            "p(90)": 1.0005
        },
        "http_req_connecting": {
            "med": 3.0065,
            "max": 3.0065,
            "p(90)": 3.0065,
            "p(95)": 3.0065,
            "avg": 3.0065,
            "min": 3.0065
        },
        "http_req_duration": {
            "p(90)": 1383.5877,
            "p(95)": 1383.5877,
            "avg": 1383.5877,
            "min": 1383.5877,
            "med": 1383.5877,
            "max": 1383.5877
        },
        "http_req_tls_handshaking": {
            "avg": 5.7678,
            "min": 5.7678,
            "med": 5.7678,
            "max": 5.7678,
            "p(90)": 5.7678,
            "p(95)": 5.7678
        },
        "checks": {
            "passes": 1,
            "fails": 11,
            "value": 0.08333333333333333
        },
        "iterations": {
            "count": 1,
            "rate": 0.40679091878325746
        },
        "http_req_duration{expected_response:true}": {
            "avg": 1383.5877,
            "min": 1383.5877,
            "med": 1383.5877,
            "max": 1383.5877,
            "p(90)": 1383.5877,
            "p(95)": 1383.5877
        },
        "data_sent": {
            "count": 1054551,
            "rate": 428981.77019380295
        },
        "http_reqs": {
            "count": 1,
            "rate": 0.40679091878325746
        },
        "vus": {
            "max": 1,
            "value": 1,
            "min": 1
        },
        "data_received": {
            "count": 4350,
            "rate": 1769.54049670717
        },
        "iteration_duration": {
            "p(95)": 2443.7103,
            "avg": 2443.7103,
            "min": 2443.7103,
            "med": 2443.7103,
            "max": 2443.7103,
            "p(90)": 2443.7103
        }
    },
    "root_group": {
        "groups": {},
        "checks": {
                "200 OK": {
                    "name": "200 OK",
                    "path": "::200 OK",
                    "id": "e9654c443eff553da9e69eda7007924e",
                    "passes": 0,
                    "fails": 1
                },
                "201 Created": {
                    "path": "::201 Created",
                    "id": "728dcd977aae263ca314731145e1d447",
                    "passes": 1,
                    "fails": 0,
                    "name": "201 Created"
                },
                "204 No Content": {
                    "name": "204 No Content",
                    "path": "::204 No Content",
                    "id": "54fa3c2eda34e1622fda2da5e0479fc5",
                    "passes": 0,
                    "fails": 1
                },
                "400 Bad Request": {
                    "fails": 1,
                    "name": "400 Bad Request",
                    "path": "::400 Bad Request",
                    "id": "eeae81934b9b58bccaf0184a6d070338",
                    "passes": 0
                },
                "401 Unauthorized": {
                    "fails": 1,
                    "name": "401 Unauthorized",
                    "path": "::401 Unauthorized",
                    "id": "6ae9254e6aefe7f0bafe5102fa7e20a5",
                    "passes": 0
                },
                "403 Forbidden": {
                    "name": "403 Forbidden",
                    "path": "::403 Forbidden",
                    "id": "655548b761742c5a7ad15aa7df3a5d9c",
                    "passes": 0,
                    "fails": 1
                },
                "404 Not Found": {
                    "name": "404 Not Found",
                    "path": "::404 Not Found",
                    "id": "df1528f9925ca236bac51008f77b774a",
                    "passes": 0,
                    "fails": 1
                },
                "429 Too Many Requests": {
                    "name": "429 Too Many Requests",
                    "path": "::429 Too Many Requests",
                    "id": "b810c35b9499cc7342fd415032e3a6aa",
                    "passes": 0,
                    "fails": 1
                },
                "500 Internal Server Error": {
                    "name": "500 Internal Server Error",
                    "path": "::500 Internal Server Error",
                    "id": "3cd96245b24e869810efe46d533b0eef",
                    "passes": 0,
                    "fails": 1
                },
                "502 Bad Gateway": {
                    "name": "502 Bad Gateway",
                    "path": "::502 Bad Gateway",
                    "id": "712cb0ec189a11f31f0d6d0c0031b569",
                    "passes": 0,
                    "fails": 1
                },
                "503 Service Unavailable": {
                    "path": "::503 Service Unavailable",
                    "id": "f1ea1a22be0dc738c385523a66ea1cd9",
                    "passes": 0,
                    "fails": 1,
                    "name": "503 Service Unavailable"
                },
                "504 Gateway Timeout": {
                    "fails": 1,
                    "name": "504 Gateway Timeout",
                    "path": "::504 Gateway Timeout",
                    "id": "218efb729cb654723ccd57c6ebbebe29",
                    "passes": 0
                }
            },
        "name": "",
        "path": "",
        "id": "d41d8cd98f00b204e9800998ecf8427e"
    }
}