{
    "metrics": {
        "http_req_waiting": {
            "min": 4215.4138,
            "med": 4215.4138,
            "max": 4215.4138,
            "p(90)": 4215.4138,
            "p(95)": 4215.4138,
            "avg": 4215.4138
        },
        "iterations": {
            "count": 1,
            "rate": 0.1843578893986139
        },
        "http_req_connecting": {
            "med": 4.9874,
            "max": 4.9874,
            "p(90)": 4.9874,
            "p(95)": 4.9874,
            "avg": 4.9874,
            "min": 4.9874
        },
        "http_req_blocked": {
            "med": 11.0273,
            "max": 11.0273,
            "p(90)": 11.0273,
            "p(95)": 11.0273,
            "avg": 11.0273,
            "min": 11.0273
        },
        "http_reqs": {
            "count": 1,
            "rate": 0.1843578893986139
        },
        "http_req_duration{expected_response:true}": {
            "avg": 4249.6694,
            "min": 4249.6694,
            "med": 4249.6694,
            "max": 4249.6694,
            "p(90)": 4249.6694,
            "p(95)": 4249.6694
        },
        "http_req_sending": {
            "min": 34.2556,
            "med": 34.2556,
            "max": 34.2556,
            "p(90)": 34.2556,
            "p(95)": 34.2556,
            "avg": 34.2556
        },
        "data_received": {
            "rate": 802.141176773369,
            "count": 4351
        },
        "http_req_tls_handshaking": {
            "avg": 5.0324,
            "min": 5.0324,
            "med": 5.0324,
            "max": 5.0324,
            "p(90)": 5.0324,
            "p(95)": 5.0324
        },
        "checks": {
            "fails": 11,
            "passes": 1,
            "value": 0.08333333333333333
        },
        "data_sent": {
            "count": 3771166,
            "rate": 695244.2043318131
        },
        "vus_max": {
            "value": 1,
            "min": 1,
            "max": 1
        },
        "http_req_receiving": {
            "max": 0,
            "p(90)": 0,
            "p(95)": 0,
            "avg": 0,
            "min": 0,
            "med": 0
        },
        "http_req_failed": {
            "passes": 0,
            "fails": 1,
            "value": 0
        },
        "iteration_duration": {
            "min": 5424.2008,
            "med": 5424.2008,
            "max": 5424.2008,
            "p(90)": 5424.2008,
            "p(95)": 5424.2008,
            "avg": 5424.2008
        },
        "http_req_duration": {
            "min": 4249.6694,
            "med": 4249.6694,
            "max": 4249.6694,
            "p(90)": 4249.6694,
            "p(95)": 4249.6694,
            "avg": 4249.6694
        },
        "vus": {
            "value": 1,
            "min": 1,
            "max": 1
        }
    },
    "root_group": {
        "name": "",
        "path": "",
        "id": "d41d8cd98f00b204e9800998ecf8427e",
        "groups": {},
        "checks": {
                "200 OK": {
                    "path": "::200 OK",
                    "id": "e9654c443eff553da9e69eda7007924e",
                    "passes": 0,
                    "fails": 1,
                    "name": "200 OK"
                },
                "201 Created": {
                    "name": "201 Created",
                    "path": "::201 Created",
                    "id": "728dcd977aae263ca314731145e1d447",
                    "passes": 1,
                    "fails": 0
                },
                "204 No Content": {
                    "name": "204 No Content",
                    "path": "::204 No Content",
                    "id": "54fa3c2eda34e1622fda2da5e0479fc5",
                    "passes": 0,
                    "fails": 1
                },
                "400 Bad Request": {
                    "name": "400 Bad Request",
                    "path": "::400 Bad Request",
                    "id": "eeae81934b9b58bccaf0184a6d070338",
                    "passes": 0,
                    "fails": 1
                },
                "401 Unauthorized": {
                    "path": "::401 Unauthorized",
                    "id": "6ae9254e6aefe7f0bafe5102fa7e20a5",
                    "passes": 0,
                    "fails": 1,
                    "name": "401 Unauthorized"
                },
                "403 Forbidden": {
                    "id": "655548b761742c5a7ad15aa7df3a5d9c",
                    "passes": 0,
                    "fails": 1,
                    "name": "403 Forbidden",
                    "path": "::403 Forbidden"
                },
                "404 Not Found": {
                    "path": "::404 Not Found",
                    "id": "df1528f9925ca236bac51008f77b774a",
                    "passes": 0,
                    "fails": 1,
                    "name": "404 Not Found"
                },
                "429 Too Many Requests": {
                    "passes": 0,
                    "fails": 1,
                    "name": "429 Too Many Requests",
                    "path": "::429 Too Many Requests",
                    "id": "b810c35b9499cc7342fd415032e3a6aa"
                },
                "500 Internal Server Error": {
                    "passes": 0,
                    "fails": 1,
                    "name": "500 Internal Server Error",
                    "path": "::500 Internal Server Error",
                    "id": "3cd96245b24e869810efe46d533b0eef"
                },
                "502 Bad Gateway": {
                    "name": "502 Bad Gateway",
                    "path": "::502 Bad Gateway",
                    "id": "712cb0ec189a11f31f0d6d0c0031b569",
                    "passes": 0,
                    "fails": 1
                },
                "503 Service Unavailable": {
                    "name": "503 Service Unavailable",
                    "path": "::503 Service Unavailable",
                    "id": "f1ea1a22be0dc738c385523a66ea1cd9",
                    "passes": 0,
                    "fails": 1
                },
                "504 Gateway Timeout": {
                    "name": "504 Gateway Timeout",
                    "path": "::504 Gateway Timeout",
                    "id": "218efb729cb654723ccd57c6ebbebe29",
                    "passes": 0,
                    "fails": 1
                }
            }
    }
}